Workbook

Sheet Denní log
A1: Deník krevního tlaku · Pavel
A3: Datum | B3: Ráno – 1. měření | E3: Ráno – 2. měření | H3: Ráno – průměr | K3: Stav ráno | L3: Večer – 1. měření | O3: Večer – 2. měření | R3: Večer – průměr | U3: Stav večer | V3: Poznámky
B4: Sys mmHg | C4: Dia mmHg | D4: Tep bpm | E4: Sys mmHg | F4: Dia mmHg | G4: Tep bpm | H4: Sys mmHg | I4: Dia mmHg | J4: Tep bpm | L4: Sys mmHg | M4: Dia mmHg | N4: Tep bpm | O4: Sys mmHg | P4: Dia mmHg | Q4: Tep bpm | R4: Sys mmHg | S4: Dia mmHg | T4: Tep bpm
A5: 20.05.2026 | B5: 150 | C5: 83 | D5: 53 | E5: 144 | F5: 87 | G5: 52 | H5: =IF(AND(B5="",E5=""),"",IFERROR(AVERAGE(B5,E5),IF(B5<>"",B5,E5))) -> 147 | I5: =IF(AND(C5="",F5=""),"",IFERROR(AVERAGE(C5,F5),IF(C5<>"",C5,F5))) -> 85 | J5: =IF(AND(D5="",G5=""),"",IFERROR(AVERAGE(D5,G5),IF(D5<>"",D5,G5))) -> 52.5 | K5: =IF(AND(H5="",I5=""),"",IF(OR(H5>=180,I5>=120),"!!! Krize",IF(OR(H5>=140,I5>=90),"Vysoký",IF(OR(H5>=130,I5>=80),"Zvýšený",IF(OR(H5<=90,I5<=60),"Nízký","Normální"))))) -> Vysoký | L5: 134 | M5: 79 | N5: 60 | O5: 119 | P5: 76 | Q5: 58 | R5: =IF(AND(L5="",O5=""),"",IFERROR(AVERAGE(L5,O5),IF(L5<>"",L5,O5))) -> 126.5 | S5: =IF(AND(M5="",P5=""),"",IFERROR(AVERAGE(M5,P5),IF(M5<>"",M5,P5))) -> 77.5 | T5: =IF(AND(N5="",Q5=""),"",IFERROR(AVERAGE(N5,Q5),IF(N5<>"",N5,Q5))) -> 59 | U5: =IF(AND(R5="",S5=""),"",IF(OR(R5>=180,S5>=120),"!!! Krize",IF(OR(R5>=140,S5>=90),"Vysoký",IF(OR(R5>=130,S5>=80),"Zvýšený",IF(OR(R5<=90,S5<=60),"Nízký","Normální"))))) -> Normální | V5: Toho 20. května ráno mě přijížděli kluci na golf a já byl nervózní už nevím proč hned od začátku že to všechno nestihnu dám to dohromady měl jsem tady partu 3 kluků
A6: 21.05.2026 | B6: 122 | C6: 77 | D6: 57 | E6: 119 | F6: 83 | G6: 58 | H6: =IF(AND(B6="",E6=""),"",IFERROR(AVERAGE(B6,E6),IF(B6<>"",B6,E6))) -> 120.5 | I6: =IF(AND(C6="",F6=""),"",IFERROR(AVERAGE(C6,F6),IF(C6<>"",C6,F6))) -> 80 | J6: =IF(AND(D6="",G6=""),"",IFERROR(AVERAGE(D6,G6),IF(D6<>"",D6,G6))) -> 57.5 | K6: =IF(AND(H6="",I6=""),"",IF(OR(H6>=180,I6>=120),"!!! Krize",IF(OR(H6>=140,I6>=90),"Vysoký",IF(OR(H6>=130,I6>=80),"Zvýšený",IF(OR(H6<=90,I6<=60),"Nízký","Normální"))))) -> Zvýšený | L6: 122 | M6: 77 | N6: 57 | O6: 119 | P6: 83 | Q6: 58 | R6: =IF(AND(L6="",O6=""),"",IFERROR(AVERAGE(L6,O6),IF(L6<>"",L6,O6))) -> 120.5 | S6: =IF(AND(M6="",P6=""),"",IFERROR(AVERAGE(M6,P6),IF(M6<>"",M6,P6))) -> 80 | T6: =IF(AND(N6="",Q6=""),"",IFERROR(AVERAGE(N6,Q6),IF(N6<>"",N6,Q6))) -> 57.5 | U6: =IF(AND(R6="",S6=""),"",IF(OR(R6>=180,S6>=120),"!!! Krize",IF(OR(R6>=140,S6>=90),"Vysoký",IF(OR(R6>=130,S6>=80),"Zvýšený",IF(OR(R6<=90,S6<=60),"Nízký","Normální"))))) -> Zvýšený
A7: 22.05.2026 | B7: 141 | C7: 77 | D7: 59 | H7: =IF(AND(B7="",E7=""),"",IFERROR(AVERAGE(B7,E7),IF(B7<>"",B7,E7))) -> 141 | I7: =IF(AND(C7="",F7=""),"",IFERROR(AVERAGE(C7,F7),IF(C7<>"",C7,F7))) -> 77 | J7: =IF(AND(D7="",G7=""),"",IFERROR(AVERAGE(D7,G7),IF(D7<>"",D7,G7))) -> 59 | K7: =IF(AND(H7="",I7=""),"",IF(OR(H7>=180,I7>=120),"!!! Krize",IF(OR(H7>=140,I7>=90),"Vysoký",IF(OR(H7>=130,I7>=80),"Zvýšený",IF(OR(H7<=90,I7<=60),"Nízký","Normální"))))) -> Vysoký | L7: 130 | M7: 68 | N7: 56 | O7: 118 | P7: 72 | Q7: 54 | R7: =IF(AND(L7="",O7=""),"",IFERROR(AVERAGE(L7,O7),IF(L7<>"",L7,O7))) -> 124 | S7: =IF(AND(M7="",P7=""),"",IFERROR(AVERAGE(M7,P7),IF(M7<>"",M7,P7))) -> 70 | T7: =IF(AND(N7="",Q7=""),"",IFERROR(AVERAGE(N7,Q7),IF(N7<>"",N7,Q7))) -> 55 | U7: =IF(AND(R7="",S7=""),"",IF(OR(R7>=180,S7>=120),"!!! Krize",IF(OR(R7>=140,S7>=90),"Vysoký",IF(OR(R7>=130,S7>=80),"Zvýšený",IF(OR(R7<=90,S7<=60),"Nízký","Normální"))))) -> Normální | V7: jsem už byl pěkně utahanej byly to intenzivní hry golfu navíc já jsem musel tady v těch našich kop panoráma golf Kácově chodit pěšky zatímco oni jezdili na golfové bugy
A8: 23.05.2026 | H8: =IF(AND(B8="",E8=""),"",IFERROR(AVERAGE(B8,E8),IF(B8<>"",B8,E8))) | I8: =IF(AND(C8="",F8=""),"",IFERROR(AVERAGE(C8,F8),IF(C8<>"",C8,F8))) | J8: =IF(AND(D8="",G8=""),"",IFERROR(AVERAGE(D8,G8),IF(D8<>"",D8,G8))) | K8: =IF(AND(H8="",I8=""),"",IF(OR(H8>=180,I8>=120),"!!! Krize",IF(OR(H8>=140,I8>=90),"Vysoký",IF(OR(H8>=130,I8>=80),"Zvýšený",IF(OR(H8<=90,I8<=60),"Nízký","Normální"))))) | R8: =IF(AND(L8="",O8=""),"",IFERROR(AVERAGE(L8,O8),IF(L8<>"",L8,O8))) | S8: =IF(AND(M8="",P8=""),"",IFERROR(AVERAGE(M8,P8),IF(M8<>"",M8,P8))) | T8: =IF(AND(N8="",Q8=""),"",IFERROR(AVERAGE(N8,Q8),IF(N8<>"",N8,Q8))) | U8: =IF(AND(R8="",S8=""),"",IF(OR(R8>=180,S8>=120),"!!! Krize",IF(OR(R8>=140,S8>=90),"Vysoký",IF(OR(R8>=130,S8>=80),"Zvýšený",IF(OR(R8<=90,S8<=60),"Nízký","Normální")))))
A9: 24.05.2026 | H9: =IF(AND(B9="",E9=""),"",IFERROR(AVERAGE(B9,E9),IF(B9<>"",B9,E9))) | I9: =IF(AND(C9="",F9=""),"",IFERROR(AVERAGE(C9,F9),IF(C9<>"",C9,F9))) | J9: =IF(AND(D9="",G9=""),"",IFERROR(AVERAGE(D9,G9),IF(D9<>"",D9,G9))) | K9: =IF(AND(H9="",I9=""),"",IF(OR(H9>=180,I9>=120),"!!! Krize",IF(OR(H9>=140,I9>=90),"Vysoký",IF(OR(H9>=130,I9>=80),"Zvýšený",IF(OR(H9<=90,I9<=60),"Nízký","Normální"))))) | L9: 130 | M9: 68 | N9: 56 | O9: 118 | P9: 72 | Q9: 54 | R9: =IF(AND(L9="",O9=""),"",IFERROR(AVERAGE(L9,O9),IF(L9<>"",L9,O9))) -> 124 | S9: =IF(AND(M9="",P9=""),"",IFERROR(AVERAGE(M9,P9),IF(M9<>"",M9,P9))) -> 70 | T9: =IF(AND(N9="",Q9=""),"",IFERROR(AVERAGE(N9,Q9),IF(N9<>"",N9,Q9))) -> 55 | U9: =IF(AND(R9="",S9=""),"",IF(OR(R9>=180,S9>=120),"!!! Krize",IF(OR(R9>=140,S9>=90),"Vysoký",IF(OR(R9>=130,S9>=80),"Zvýšený",IF(OR(R9<=90,S9<=60),"Nízký","Normální"))))) -> Normální
A10: 25.05.2026 | B10: 125 | C10: 82 | D10: 58 | E10: 120 | F10: 78 | G10: 60 | H10: =IF(AND(B10="",E10=""),"",IFERROR(AVERAGE(B10,E10),IF(B10<>"",B10,E10))) -> 122.5 | I10: =IF(AND(C10="",F10=""),"",IFERROR(AVERAGE(C10,F10),IF(C10<>"",C10,F10))) -> 80 | J10: =IF(AND(D10="",G10=""),"",IFERROR(AVERAGE(D10,G10),IF(D10<>"",D10,G10))) -> 59 | K10: =IF(AND(H10="",I10=""),"",IF(OR(H10>=180,I10>=120),"!!! Krize",IF(OR(H10>=140,I10>=90),"Vysoký",IF(OR(H10>=130,I10>=80),"Zvýšený",IF(OR(H10<=90,I10<=60),"Nízký","Normální"))))) -> Zvýšený | L10: 127 | M10: 72 | N10: 57 | O10: 125 | P10: 72 | Q10: 57 | R10: =IF(AND(L10="",O10=""),"",IFERROR(AVERAGE(L10,O10),IF(L10<>"",L10,O10))) -> 126 | S10: =IF(AND(M10="",P10=""),"",IFERROR(AVERAGE(M10,P10),IF(M10<>"",M10,P10))) -> 72 | T10: =IF(AND(N10="",Q10=""),"",IFERROR(AVERAGE(N10,Q10),IF(N10<>"",N10,Q10))) -> 57 | U10: =IF(AND(R10="",S10=""),"",IF(OR(R10>=180,S10>=120),"!!! Krize",IF(OR(R10>=140,S10>=90),"Vysoký",IF(OR(R10>=130,S10>=80),"Zvýšený",IF(OR(R10<=90,S10<=60),"Nízký","Normální"))))) -> Normální
A11: 26.05.2026 | B11: 133 | C11: 80 | D11: 50 | H11: =IF(AND(B11="",E11=""),"",IFERROR(AVERAGE(B11,E11),IF(B11<>"",B11,E11))) -> 133 | I11: =IF(AND(C11="",F11=""),"",IFERROR(AVERAGE(C11,F11),IF(C11<>"",C11,F11))) -> 80 | J11: =IF(AND(D11="",G11=""),"",IFERROR(AVERAGE(D11,G11),IF(D11<>"",D11,G11))) -> 50 | K11: =IF(AND(H11="",I11=""),"",IF(OR(H11>=180,I11>=120),"!!! Krize",IF(OR(H11>=140,I11>=90),"Vysoký",IF(OR(H11>=130,I11>=80),"Zvýšený",IF(OR(H11<=90,I11<=60),"Nízký","Normální"))))) -> Zvýšený | L11: 122 | M11: 79 | N11: 60 | O11: 118 | P11: 73 | Q11: 58 | R11: =IF(AND(L11="",O11=""),"",IFERROR(AVERAGE(L11,O11),IF(L11<>"",L11,O11))) -> 120 | S11: =IF(AND(M11="",P11=""),"",IFERROR(AVERAGE(M11,P11),IF(M11<>"",M11,P11))) -> 76 | T11: =IF(AND(N11="",Q11=""),"",IFERROR(AVERAGE(N11,Q11),IF(N11<>"",N11,Q11))) -> 59 | U11: =IF(AND(R11="",S11=""),"",IF(OR(R11>=180,S11>=120),"!!! Krize",IF(OR(R11>=140,S11>=90),"Vysoký",IF(OR(R11>=130,S11>=80),"Zvýšený",IF(OR(R11<=90,S11<=60),"Nízký","Normální"))))) -> Normální
A12: 27.05.2026 | B12: 130 | C12: 81 | D12: 51 | E12: 118 | F12: 77 | G12: 53 | H12: =IF(AND(B12="",E12=""),"",IFERROR(AVERAGE(B12,E12),IF(B12<>"",B12,E12))) -> 124 | I12: =IF(AND(C12="",F12=""),"",IFERROR(AVERAGE(C12,F12),IF(C12<>"",C12,F12))) -> 79 | J12: =IF(AND(D12="",G12=""),"",IFERROR(AVERAGE(D12,G12),IF(D12<>"",D12,G12))) -> 52 | K12: =IF(AND(H12="",I12=""),"",IF(OR(H12>=180,I12>=120),"!!! Krize",IF(OR(H12>=140,I12>=90),"Vysoký",IF(OR(H12>=130,I12>=80),"Zvýšený",IF(OR(H12<=90,I12<=60),"Nízký","Normální"))))) -> Normální | L12: 109 | M12: 74 | N12: 53 | O12: 117 | P12: 69 | Q12: 56 | R12: =IF(AND(L12="",O12=""),"",IFERROR(AVERAGE(L12,O12),IF(L12<>"",L12,O12))) -> 113 | S12: =IF(AND(M12="",P12=""),"",IFERROR(AVERAGE(M12,P12),IF(M12<>"",M12,P12))) -> 71.5 | T12: =IF(AND(N12="",Q12=""),"",IFERROR(AVERAGE(N12,Q12),IF(N12<>"",N12,Q12))) -> 54.5 | U12: =IF(AND(R12="",S12=""),"",IF(OR(R12>=180,S12>=120),"!!! Krize",IF(OR(R12>=140,S12>=90),"Vysoký",IF(OR(R12>=130,S12>=80),"Zvýšený",IF(OR(R12<=90,S12<=60),"Nízký","Normální"))))) -> Normální | V12: 7.5.2026, 10:24–11:24 — únava, teplo, dehydratace Měření 1 (10:24): 107/72, tep 65 Měření 2 (~10:54): 84/71, tep 74 — pocit slabosti a strachu, nejspíš dehydratace Měření 3 (~11:24): 113/82, tep 61 — po doplnění tekutin, pocit výrazně lepší
A13: 28.05.2026 | B13: 122 | C13: 73 | D13: 56 | E13: 114 | F13: 76 | G13: 56 | H13: =IF(AND(B13="",E13=""),"",IFERROR(AVERAGE(B13,E13),IF(B13<>"",B13,E13))) -> 118 | I13: =IF(AND(C13="",F13=""),"",IFERROR(AVERAGE(C13,F13),IF(C13<>"",C13,F13))) -> 74.5 | J13: =IF(AND(D13="",G13=""),"",IFERROR(AVERAGE(D13,G13),IF(D13<>"",D13,G13))) -> 56 | K13: =IF(AND(H13="",I13=""),"",IF(OR(H13>=180,I13>=120),"!!! Krize",IF(OR(H13>=140,I13>=90),"Vysoký",IF(OR(H13>=130,I13>=80),"Zvýšený",IF(OR(H13<=90,I13<=60),"Nízký","Normální"))))) -> Normální | L13: 139 | M13: 79 | N13: 58 | O13: 123 | P13: 79 | Q13: 57 | R13: =IF(AND(L13="",O13=""),"",IFERROR(AVERAGE(L13,O13),IF(L13<>"",L13,O13))) -> 131 | S13: =IF(AND(M13="",P13=""),"",IFERROR(AVERAGE(M13,P13),IF(M13<>"",M13,P13))) -> 79 | T13: =IF(AND(N13="",Q13=""),"",IFERROR(AVERAGE(N13,Q13),IF(N13<>"",N13,Q13))) -> 57.5 | U13: =IF(AND(R13="",S13=""),"",IF(OR(R13>=180,S13>=120),"!!! Krize",IF(OR(R13>=140,S13>=90),"Vysoký",IF(OR(R13>=130,S13>=80),"Zvýšený",IF(OR(R13<=90,S13<=60),"Nízký","Normální"))))) -> Zvýšený | V13: těsně před spaním ve 21:40
A14: 29.05.2026 | B14: 123 | C14: 82 | D14: 55 | E14: 119 | F14: 71 | G14: 53 | H14: =IF(AND(B14="",E14=""),"",IFERROR(AVERAGE(B14,E14),IF(B14<>"",B14,E14))) -> 121 | I14: =IF(AND(C14="",F14=""),"",IFERROR(AVERAGE(C14,F14),IF(C14<>"",C14,F14))) -> 76.5 | J14: =IF(AND(D14="",G14=""),"",IFERROR(AVERAGE(D14,G14),IF(D14<>"",D14,G14))) -> 54 | K14: =IF(AND(H14="",I14=""),"",IF(OR(H14>=180,I14>=120),"!!! Krize",IF(OR(H14>=140,I14>=90),"Vysoký",IF(OR(H14>=130,I14>=80),"Zvýšený",IF(OR(H14<=90,I14<=60),"Nízký","Normální"))))) -> Normální | L14: 139 | M14: 76 | N14: 51 | O14: 131 | P14: 80 | Q14: 51 | R14: =IF(AND(L14="",O14=""),"",IFERROR(AVERAGE(L14,O14),IF(L14<>"",L14,O14))) -> 135 | S14: =IF(AND(M14="",P14=""),"",IFERROR(AVERAGE(M14,P14),IF(M14<>"",M14,P14))) -> 78 | T14: =IF(AND(N14="",Q14=""),"",IFERROR(AVERAGE(N14,Q14),IF(N14<>"",N14,Q14))) -> 51 | U14: =IF(AND(R14="",S14=""),"",IF(OR(R14>=180,S14>=120),"!!! Krize",IF(OR(R14>=140,S14>=90),"Vysoký",IF(OR(R14>=130,S14>=80),"Zvýšený",IF(OR(R14<=90,S14<=60),"Nízký","Normální"))))) -> Zvýšený | V14: večer jsem byl nějaký nervozní, měření v 21:46
A15: 30.05.2026 | B15: 112 | C15: 73 | D15: 60 | E15: 112 | F15: 72 | G15: 61 | H15: =IF(AND(B15="",E15=""),"",IFERROR(AVERAGE(B15,E15),IF(B15<>"",B15,E15))) -> 112 | I15: =IF(AND(C15="",F15=""),"",IFERROR(AVERAGE(C15,F15),IF(C15<>"",C15,F15))) -> 72.5 | J15: =IF(AND(D15="",G15=""),"",IFERROR(AVERAGE(D15,G15),IF(D15<>"",D15,G15))) -> 60.5 | K15: =IF(AND(H15="",I15=""),"",IF(OR(H15>=180,I15>=120),"!!! Krize",IF(OR(H15>=140,I15>=90),"Vysoký",IF(OR(H15>=130,I15>=80),"Zvýšený",IF(OR(H15<=90,I15<=60),"Nízký","Normální"))))) -> Normální | R15: =IF(AND(L15="",O15=""),"",IFERROR(AVERAGE(L15,O15),IF(L15<>"",L15,O15))) | S15: =IF(AND(M15="",P15=""),"",IFERROR(AVERAGE(M15,P15),IF(M15<>"",M15,P15))) | T15: =IF(AND(N15="",Q15=""),"",IFERROR(AVERAGE(N15,Q15),IF(N15<>"",N15,Q15))) | U15: =IF(AND(R15="",S15=""),"",IF(OR(R15>=180,S15>=120),"!!! Krize",IF(OR(R15>=140,S15>=90),"Vysoký",IF(OR(R15>=130,S15>=80),"Zvýšený",IF(OR(R15<=90,S15<=60),"Nízký","Normální")))))
A16: 31.05.2026 | H16: =IF(AND(B16="",E16=""),"",IFERROR(AVERAGE(B16,E16),IF(B16<>"",B16,E16))) | I16: =IF(AND(C16="",F16=""),"",IFERROR(AVERAGE(C16,F16),IF(C16<>"",C16,F16))) | J16: =IF(AND(D16="",G16=""),"",IFERROR(AVERAGE(D16,G16),IF(D16<>"",D16,G16))) | K16: =IF(AND(H16="",I16=""),"",IF(OR(H16>=180,I16>=120),"!!! Krize",IF(OR(H16>=140,I16>=90),"Vysoký",IF(OR(H16>=130,I16>=80),"Zvýšený",IF(OR(H16<=90,I16<=60),"Nízký","Normální"))))) | L16: 128 | M16: 79 | N16: 51 | O16: 125 | P16: 74 | Q16: 55 | R16: =IF(AND(L16="",O16=""),"",IFERROR(AVERAGE(L16,O16),IF(L16<>"",L16,O16))) -> 126.5 | S16: =IF(AND(M16="",P16=""),"",IFERROR(AVERAGE(M16,P16),IF(M16<>"",M16,P16))) -> 76.5 | T16: =IF(AND(N16="",Q16=""),"",IFERROR(AVERAGE(N16,Q16),IF(N16<>"",N16,Q16))) -> 53 | U16: =IF(AND(R16="",S16=""),"",IF(OR(R16>=180,S16>=120),"!!! Krize",IF(OR(R16>=140,S16>=90),"Vysoký",IF(OR(R16>=130,S16>=80),"Zvýšený",IF(OR(R16<=90,S16<=60),"Nízký","Normální"))))) -> Normální
A17: 01.06.2026 | B17: 116 | C17: 79 | D17: 62 | E17: 127 | F17: 78 | G17: 59 | H17: =IF(AND(B17="",E17=""),"",IFERROR(AVERAGE(B17,E17),IF(B17<>"",B17,E17))) -> 121.5 | I17: =IF(AND(C17="",F17=""),"",IFERROR(AVERAGE(C17,F17),IF(C17<>"",C17,F17))) -> 78.5 | J17: =IF(AND(D17="",G17=""),"",IFERROR(AVERAGE(D17,G17),IF(D17<>"",D17,G17))) -> 60.5 | K17: =IF(AND(H17="",I17=""),"",IF(OR(H17>=180,I17>=120),"!!! Krize",IF(OR(H17>=140,I17>=90),"Vysoký",IF(OR(H17>=130,I17>=80),"Zvýšený",IF(OR(H17<=90,I17<=60),"Nízký","Normální"))))) -> Normální | R17: =IF(AND(L17="",O17=""),"",IFERROR(AVERAGE(L17,O17),IF(L17<>"",L17,O17))) | S17: =IF(AND(M17="",P17=""),"",IFERROR(AVERAGE(M17,P17),IF(M17<>"",M17,P17))) | T17: =IF(AND(N17="",Q17=""),"",IFERROR(AVERAGE(N17,Q17),IF(N17<>"",N17,Q17))) | U17: =IF(AND(R17="",S17=""),"",IF(OR(R17>=180,S17>=120),"!!! Krize",IF(OR(R17>=140,S17>=90),"Vysoký",IF(OR(R17>=130,S17>=80),"Zvýšený",IF(OR(R17<=90,S17<=60),"Nízký","Normální"))))) | V17: měřeno trochu později 9:16 bez procházky po práci na MACu
A18: 02.06.2026 | B18: 116 | C18: 74 | D18: 52 | E18: 125 | F18: 77 | G18: 52 | H18: =IF(AND(B18="",E18=""),"",IFERROR(AVERAGE(B18,E18),IF(B18<>"",B18,E18))) -> 120.5 | I18: =IF(AND(C18="",F18=""),"",IFERROR(AVERAGE(C18,F18),IF(C18<>"",C18,F18))) -> 75.5 | J18: =IF(AND(D18="",G18=""),"",IFERROR(AVERAGE(D18,G18),IF(D18<>"",D18,G18))) -> 52 | K18: =IF(AND(H18="",I18=""),"",IF(OR(H18>=180,I18>=120),"!!! Krize",IF(OR(H18>=140,I18>=90),"Vysoký",IF(OR(H18>=130,I18>=80),"Zvýšený",IF(OR(H18<=90,I18<=60),"Nízký","Normální"))))) -> Normální | L18: 123 | M18: 79 | N18: 60 | O18: 131 | P18: 76 | Q18: 62 | R18: =IF(AND(L18="",O18=""),"",IFERROR(AVERAGE(L18,O18),IF(L18<>"",L18,O18))) -> 127 | S18: =IF(AND(M18="",P18=""),"",IFERROR(AVERAGE(M18,P18),IF(M18<>"",M18,P18))) -> 77.5 | T18: =IF(AND(N18="",Q18=""),"",IFERROR(AVERAGE(N18,Q18),IF(N18<>"",N18,Q18))) -> 61 | U18: =IF(AND(R18="",S18=""),"",IF(OR(R18>=180,S18>=120),"!!! Krize",IF(OR(R18>=140,S18>=90),"Vysoký",IF(OR(R18>=130,S18>=80),"Zvýšený",IF(OR(R18<=90,S18<=60),"Nízký","Normální"))))) -> Normální | V18: ráno divně v puse - lék Controloc si nevezmu, ale ranní Meditace Dispensa, večer stažený krk jako včera
A19: 03.06.2026 | B19: 119 | C19: 81 | D19: 57 | E19: 116 | F19: 84 | G19: 56 | H19: =IF(AND(B19="",E19=""),"",IFERROR(AVERAGE(B19,E19),IF(B19<>"",B19,E19))) -> 117.5 | I19: =IF(AND(C19="",F19=""),"",IFERROR(AVERAGE(C19,F19),IF(C19<>"",C19,F19))) -> 82.5 | J19: =IF(AND(D19="",G19=""),"",IFERROR(AVERAGE(D19,G19),IF(D19<>"",D19,G19))) -> 56.5 | K19: =IF(AND(H19="",I19=""),"",IF(OR(H19>=180,I19>=120),"!!! Krize",IF(OR(H19>=140,I19>=90),"Vysoký",IF(OR(H19>=130,I19>=80),"Zvýšený",IF(OR(H19<=90,I19<=60),"Nízký","Normální"))))) -> Zvýšený | L19: 126 | M19: 77 | N19: 61 | O19: 131 | P19: 77 | Q19: 60 | R19: =IF(AND(L19="",O19=""),"",IFERROR(AVERAGE(L19,O19),IF(L19<>"",L19,O19))) -> 128.5 | S19: =IF(AND(M19="",P19=""),"",IFERROR(AVERAGE(M19,P19),IF(M19<>"",M19,P19))) -> 77 | T19: =IF(AND(N19="",Q19=""),"",IFERROR(AVERAGE(N19,Q19),IF(N19<>"",N19,Q19))) -> 60.5 | U19: =IF(AND(R19="",S19=""),"",IF(OR(R19>=180,S19>=120),"!!! Krize",IF(OR(R19>=140,S19>=90),"Vysoký",IF(OR(R19>=130,S19>=80),"Zvýšený",IF(OR(R19<=90,S19<=60),"Nízký","Normální"))))) -> Normální
A20: 04.06.2026 | B20: 117 | C20: 79 | D20: 57 | E20: 118 | F20: 77 | G20: 56 | H20: =IF(AND(B20="",E20=""),"",IFERROR(AVERAGE(B20,E20),IF(B20<>"",B20,E20))) -> 117.5 | I20: =IF(AND(C20="",F20=""),"",IFERROR(AVERAGE(C20,F20),IF(C20<>"",C20,F20))) -> 78 | J20: =IF(AND(D20="",G20=""),"",IFERROR(AVERAGE(D20,G20),IF(D20<>"",D20,G20))) -> 56.5 | K20: =IF(AND(H20="",I20=""),"",IF(OR(H20>=180,I20>=120),"!!! Krize",IF(OR(H20>=140,I20>=90),"Vysoký",IF(OR(H20>=130,I20>=80),"Zvýšený",IF(OR(H20<=90,I20<=60),"Nízký","Normální"))))) -> Normální | L20: 118 | M20: 75 | N20: 51 | O20: 125 | P20: 71 | Q20: 50 | R20: =IF(AND(L20="",O20=""),"",IFERROR(AVERAGE(L20,O20),IF(L20<>"",L20,O20))) -> 121.5 | S20: =IF(AND(M20="",P20=""),"",IFERROR(AVERAGE(M20,P20),IF(M20<>"",M20,P20))) -> 73 | T20: =IF(AND(N20="",Q20=""),"",IFERROR(AVERAGE(N20,Q20),IF(N20<>"",N20,Q20))) -> 50.5 | U20: =IF(AND(R20="",S20=""),"",IF(OR(R20>=180,S20>=120),"!!! Krize",IF(OR(R20>=140,S20>=90),"Vysoký",IF(OR(R20>=130,S20>=80),"Zvýšený",IF(OR(R20<=90,S20<=60),"Nízký","Normální"))))) -> Normální
A21: 05.06.2026 | B21: 128 | C21: 76 | D21: 54 | E21: 100 | F21: 76 | G21: 58 | H21: =IF(AND(B21="",E21=""),"",IFERROR(AVERAGE(B21,E21),IF(B21<>"",B21,E21))) -> 114 | I21: =IF(AND(C21="",F21=""),"",IFERROR(AVERAGE(C21,F21),IF(C21<>"",C21,F21))) -> 76 | J21: =IF(AND(D21="",G21=""),"",IFERROR(AVERAGE(D21,G21),IF(D21<>"",D21,G21))) -> 56 | K21: =IF(AND(H21="",I21=""),"",IF(OR(H21>=180,I21>=120),"!!! Krize",IF(OR(H21>=140,I21>=90),"Vysoký",IF(OR(H21>=130,I21>=80),"Zvýšený",IF(OR(H21<=90,I21<=60),"Nízký","Normální"))))) -> Normální | L21: 126 | M21: 75 | N21: 61 | O21: 120 | P21: 75 | Q21: 64 | R21: =IF(AND(L21="",O21=""),"",IFERROR(AVERAGE(L21,O21),IF(L21<>"",L21,O21))) -> 123 | S21: =IF(AND(M21="",P21=""),"",IFERROR(AVERAGE(M21,P21),IF(M21<>"",M21,P21))) -> 75 | T21: =IF(AND(N21="",Q21=""),"",IFERROR(AVERAGE(N21,Q21),IF(N21<>"",N21,Q21))) -> 62.5 | U21: =IF(AND(R21="",S21=""),"",IF(OR(R21>=180,S21>=120),"!!! Krize",IF(OR(R21>=140,S21>=90),"Vysoký",IF(OR(R21>=130,S21>=80),"Zvýšený",IF(OR(R21<=90,S21<=60),"Nízký","Normální"))))) -> Normální
A22: 06.06.2026 | B22: 128 | C22: 82 | D22: 54 | E22: 109 | F22: 66 | G22: 54 | H22: =IF(AND(B22="",E22=""),"",IFERROR(AVERAGE(B22,E22),IF(B22<>"",B22,E22))) -> 118.5 | I22: =IF(AND(C22="",F22=""),"",IFERROR(AVERAGE(C22,F22),IF(C22<>"",C22,F22))) -> 74 | J22: =IF(AND(D22="",G22=""),"",IFERROR(AVERAGE(D22,G22),IF(D22<>"",D22,G22))) -> 54 | K22: =IF(AND(H22="",I22=""),"",IF(OR(H22>=180,I22>=120),"!!! Krize",IF(OR(H22>=140,I22>=90),"Vysoký",IF(OR(H22>=130,I22>=80),"Zvýšený",IF(OR(H22<=90,I22<=60),"Nízký","Normální"))))) -> Normální | R22: =IF(AND(L22="",O22=""),"",IFERROR(AVERAGE(L22,O22),IF(L22<>"",L22,O22))) | S22: =IF(AND(M22="",P22=""),"",IFERROR(AVERAGE(M22,P22),IF(M22<>"",M22,P22))) | T22: =IF(AND(N22="",Q22=""),"",IFERROR(AVERAGE(N22,Q22),IF(N22<>"",N22,Q22))) | U22: =IF(AND(R22="",S22=""),"",IF(OR(R22>=180,S22>=120),"!!! Krize",IF(OR(R22>=140,S22>=90),"Vysoký",IF(OR(R22>=130,S22>=80),"Zvýšený",IF(OR(R22<=90,S22<=60),"Nízký","Normální")))))
A23: 07.06.2026 | H23: =IF(AND(B23="",E23=""),"",IFERROR(AVERAGE(B23,E23),IF(B23<>"",B23,E23))) | I23: =IF(AND(C23="",F23=""),"",IFERROR(AVERAGE(C23,F23),IF(C23<>"",C23,F23))) | J23: =IF(AND(D23="",G23=""),"",IFERROR(AVERAGE(D23,G23),IF(D23<>"",D23,G23))) | K23: =IF(AND(H23="",I23=""),"",IF(OR(H23>=180,I23>=120),"!!! Krize",IF(OR(H23>=140,I23>=90),"Vysoký",IF(OR(H23>=130,I23>=80),"Zvýšený",IF(OR(H23<=90,I23<=60),"Nízký","Normální"))))) | R23: =IF(AND(L23="",O23=""),"",IFERROR(AVERAGE(L23,O23),IF(L23<>"",L23,O23))) | S23: =IF(AND(M23="",P23=""),"",IFERROR(AVERAGE(M23,P23),IF(M23<>"",M23,P23))) | T23: =IF(AND(N23="",Q23=""),"",IFERROR(AVERAGE(N23,Q23),IF(N23<>"",N23,Q23))) | U23: =IF(AND(R23="",S23=""),"",IF(OR(R23>=180,S23>=120),"!!! Krize",IF(OR(R23>=140,S23>=90),"Vysoký",IF(OR(R23>=130,S23>=80),"Zvýšený",IF(OR(R23<=90,S23<=60),"Nízký","Normální")))))
A24: 08.06.2026 | H24: =IF(AND(B24="",E24=""),"",IFERROR(AVERAGE(B24,E24),IF(B24<>"",B24,E24))) | I24: =IF(AND(C24="",F24=""),"",IFERROR(AVERAGE(C24,F24),IF(C24<>"",C24,F24))) | J24: =IF(AND(D24="",G24=""),"",IFERROR(AVERAGE(D24,G24),IF(D24<>"",D24,G24))) | K24: =IF(AND(H24="",I24=""),"",IF(OR(H24>=180,I24>=120),"!!! Krize",IF(OR(H24>=140,I24>=90),"Vysoký",IF(OR(H24>=130,I24>=80),"Zvýšený",IF(OR(H24<=90,I24<=60),"Nízký","Normální"))))) | R24: =IF(AND(L24="",O24=""),"",IFERROR(AVERAGE(L24,O24),IF(L24<>"",L24,O24))) | S24: =IF(AND(M24="",P24=""),"",IFERROR(AVERAGE(M24,P24),IF(M24<>"",M24,P24))) | T24: =IF(AND(N24="",Q24=""),"",IFERROR(AVERAGE(N24,Q24),IF(N24<>"",N24,Q24))) | U24: =IF(AND(R24="",S24=""),"",IF(OR(R24>=180,S24>=120),"!!! Krize",IF(OR(R24>=140,S24>=90),"Vysoký",IF(OR(R24>=130,S24>=80),"Zvýšený",IF(OR(R24<=90,S24<=60),"Nízký","Normální")))))
A25: 09.06.2026 | H25: =IF(AND(B25="",E25=""),"",IFERROR(AVERAGE(B25,E25),IF(B25<>"",B25,E25))) | I25: =IF(AND(C25="",F25=""),"",IFERROR(AVERAGE(C25,F25),IF(C25<>"",C25,F25))) | J25: =IF(AND(D25="",G25=""),"",IFERROR(AVERAGE(D25,G25),IF(D25<>"",D25,G25))) | K25: =IF(AND(H25="",I25=""),"",IF(OR(H25>=180,I25>=120),"!!! Krize",IF(OR(H25>=140,I25>=90),"Vysoký",IF(OR(H25>=130,I25>=80),"Zvýšený",IF(OR(H25<=90,I25<=60),"Nízký","Normální"))))) | R25: =IF(AND(L25="",O25=""),"",IFERROR(AVERAGE(L25,O25),IF(L25<>"",L25,O25))) | S25: =IF(AND(M25="",P25=""),"",IFERROR(AVERAGE(M25,P25),IF(M25<>"",M25,P25))) | T25: =IF(AND(N25="",Q25=""),"",IFERROR(AVERAGE(N25,Q25),IF(N25<>"",N25,Q25))) | U25: =IF(AND(R25="",S25=""),"",IF(OR(R25>=180,S25>=120),"!!! Krize",IF(OR(R25>=140,S25>=90),"Vysoký",IF(OR(R25>=130,S25>=80),"Zvýšený",IF(OR(R25<=90,S25<=60),"Nízký","Normální")))))
A26: 10.06.2026 | H26: =IF(AND(B26="",E26=""),"",IFERROR(AVERAGE(B26,E26),IF(B26<>"",B26,E26))) | I26: =IF(AND(C26="",F26=""),"",IFERROR(AVERAGE(C26,F26),IF(C26<>"",C26,F26))) | J26: =IF(AND(D26="",G26=""),"",IFERROR(AVERAGE(D26,G26),IF(D26<>"",D26,G26))) | K26: =IF(AND(H26="",I26=""),"",IF(OR(H26>=180,I26>=120),"!!! Krize",IF(OR(H26>=140,I26>=90),"Vysoký",IF(OR(H26>=130,I26>=80),"Zvýšený",IF(OR(H26<=90,I26<=60),"Nízký","Normální"))))) | R26: =IF(AND(L26="",O26=""),"",IFERROR(AVERAGE(L26,O26),IF(L26<>"",L26,O26))) | S26: =IF(AND(M26="",P26=""),"",IFERROR(AVERAGE(M26,P26),IF(M26<>"",M26,P26))) | T26: =IF(AND(N26="",Q26=""),"",IFERROR(AVERAGE(N26,Q26),IF(N26<>"",N26,Q26))) | U26: =IF(AND(R26="",S26=""),"",IF(OR(R26>=180,S26>=120),"!!! Krize",IF(OR(R26>=140,S26>=90),"Vysoký",IF(OR(R26>=130,S26>=80),"Zvýšený",IF(OR(R26<=90,S26<=60),"Nízký","Normální")))))
A27: 11.06.2026 | H27: =IF(AND(B27="",E27=""),"",IFERROR(AVERAGE(B27,E27),IF(B27<>"",B27,E27))) | I27: =IF(AND(C27="",F27=""),"",IFERROR(AVERAGE(C27,F27),IF(C27<>"",C27,F27))) | J27: =IF(AND(D27="",G27=""),"",IFERROR(AVERAGE(D27,G27),IF(D27<>"",D27,G27))) | K27: =IF(AND(H27="",I27=""),"",IF(OR(H27>=180,I27>=120),"!!! Krize",IF(OR(H27>=140,I27>=90),"Vysoký",IF(OR(H27>=130,I27>=80),"Zvýšený",IF(OR(H27<=90,I27<=60),"Nízký","Normální"))))) | R27: =IF(AND(L27="",O27=""),"",IFERROR(AVERAGE(L27,O27),IF(L27<>"",L27,O27))) | S27: =IF(AND(M27="",P27=""),"",IFERROR(AVERAGE(M27,P27),IF(M27<>"",M27,P27))) | T27: =IF(AND(N27="",Q27=""),"",IFERROR(AVERAGE(N27,Q27),IF(N27<>"",N27,Q27))) | U27: =IF(AND(R27="",S27=""),"",IF(OR(R27>=180,S27>=120),"!!! Krize",IF(OR(R27>=140,S27>=90),"Vysoký",IF(OR(R27>=130,S27>=80),"Zvýšený",IF(OR(R27<=90,S27<=60),"Nízký","Normální")))))
A28: 12.06.2026 | H28: =IF(AND(B28="",E28=""),"",IFERROR(AVERAGE(B28,E28),IF(B28<>"",B28,E28))) | I28: =IF(AND(C28="",F28=""),"",IFERROR(AVERAGE(C28,F28),IF(C28<>"",C28,F28))) | J28: =IF(AND(D28="",G28=""),"",IFERROR(AVERAGE(D28,G28),IF(D28<>"",D28,G28))) | K28: =IF(AND(H28="",I28=""),"",IF(OR(H28>=180,I28>=120),"!!! Krize",IF(OR(H28>=140,I28>=90),"Vysoký",IF(OR(H28>=130,I28>=80),"Zvýšený",IF(OR(H28<=90,I28<=60),"Nízký","Normální"))))) | R28: =IF(AND(L28="",O28=""),"",IFERROR(AVERAGE(L28,O28),IF(L28<>"",L28,O28))) | S28: =IF(AND(M28="",P28=""),"",IFERROR(AVERAGE(M28,P28),IF(M28<>"",M28,P28))) | T28: =IF(AND(N28="",Q28=""),"",IFERROR(AVERAGE(N28,Q28),IF(N28<>"",N28,Q28))) | U28: =IF(AND(R28="",S28=""),"",IF(OR(R28>=180,S28>=120),"!!! Krize",IF(OR(R28>=140,S28>=90),"Vysoký",IF(OR(R28>=130,S28>=80),"Zvýšený",IF(OR(R28<=90,S28<=60),"Nízký","Normální")))))
A29: 13.06.2026 | H29: =IF(AND(B29="",E29=""),"",IFERROR(AVERAGE(B29,E29),IF(B29<>"",B29,E29))) | I29: =IF(AND(C29="",F29=""),"",IFERROR(AVERAGE(C29,F29),IF(C29<>"",C29,F29))) | J29: =IF(AND(D29="",G29=""),"",IFERROR(AVERAGE(D29,G29),IF(D29<>"",D29,G29))) | K29: =IF(AND(H29="",I29=""),"",IF(OR(H29>=180,I29>=120),"!!! Krize",IF(OR(H29>=140,I29>=90),"Vysoký",IF(OR(H29>=130,I29>=80),"Zvýšený",IF(OR(H29<=90,I29<=60),"Nízký","Normální"))))) | R29: =IF(AND(L29="",O29=""),"",IFERROR(AVERAGE(L29,O29),IF(L29<>"",L29,O29))) | S29: =IF(AND(M29="",P29=""),"",IFERROR(AVERAGE(M29,P29),IF(M29<>"",M29,P29))) | T29: =IF(AND(N29="",Q29=""),"",IFERROR(AVERAGE(N29,Q29),IF(N29<>"",N29,Q29))) | U29: =IF(AND(R29="",S29=""),"",IF(OR(R29>=180,S29>=120),"!!! Krize",IF(OR(R29>=140,S29>=90),"Vysoký",IF(OR(R29>=130,S29>=80),"Zvýšený",IF(OR(R29<=90,S29<=60),"Nízký","Normální")))))
A30: 14.06.2026 | H30: =IF(AND(B30="",E30=""),"",IFERROR(AVERAGE(B30,E30),IF(B30<>"",B30,E30))) | I30: =IF(AND(C30="",F30=""),"",IFERROR(AVERAGE(C30,F30),IF(C30<>"",C30,F30))) | J30: =IF(AND(D30="",G30=""),"",IFERROR(AVERAGE(D30,G30),IF(D30<>"",D30,G30))) | K30: =IF(AND(H30="",I30=""),"",IF(OR(H30>=180,I30>=120),"!!! Krize",IF(OR(H30>=140,I30>=90),"Vysoký",IF(OR(H30>=130,I30>=80),"Zvýšený",IF(OR(H30<=90,I30<=60),"Nízký","Normální"))))) | R30: =IF(AND(L30="",O30=""),"",IFERROR(AVERAGE(L30,O30),IF(L30<>"",L30,O30))) | S30: =IF(AND(M30="",P30=""),"",IFERROR(AVERAGE(M30,P30),IF(M30<>"",M30,P30))) | T30: =IF(AND(N30="",Q30=""),"",IFERROR(AVERAGE(N30,Q30),IF(N30<>"",N30,Q30))) | U30: =IF(AND(R30="",S30=""),"",IF(OR(R30>=180,S30>=120),"!!! Krize",IF(OR(R30>=140,S30>=90),"Vysoký",IF(OR(R30>=130,S30>=80),"Zvýšený",IF(OR(R30<=90,S30<=60),"Nízký","Normální")))))
A31: 15.06.2026 | H31: =IF(AND(B31="",E31=""),"",IFERROR(AVERAGE(B31,E31),IF(B31<>"",B31,E31))) | I31: =IF(AND(C31="",F31=""),"",IFERROR(AVERAGE(C31,F31),IF(C31<>"",C31,F31))) | J31: =IF(AND(D31="",G31=""),"",IFERROR(AVERAGE(D31,G31),IF(D31<>"",D31,G31))) | K31: =IF(AND(H31="",I31=""),"",IF(OR(H31>=180,I31>=120),"!!! Krize",IF(OR(H31>=140,I31>=90),"Vysoký",IF(OR(H31>=130,I31>=80),"Zvýšený",IF(OR(H31<=90,I31<=60),"Nízký","Normální"))))) | R31: =IF(AND(L31="",O31=""),"",IFERROR(AVERAGE(L31,O31),IF(L31<>"",L31,O31))) | S31: =IF(AND(M31="",P31=""),"",IFERROR(AVERAGE(M31,P31),IF(M31<>"",M31,P31))) | T31: =IF(AND(N31="",Q31=""),"",IFERROR(AVERAGE(N31,Q31),IF(N31<>"",N31,Q31))) | U31: =IF(AND(R31="",S31=""),"",IF(OR(R31>=180,S31>=120),"!!! Krize",IF(OR(R31>=140,S31>=90),"Vysoký",IF(OR(R31>=130,S31>=80),"Zvýšený",IF(OR(R31<=90,S31<=60),"Nízký","Normální")))))
A32: 16.06.2026 | H32: =IF(AND(B32="",E32=""),"",IFERROR(AVERAGE(B32,E32),IF(B32<>"",B32,E32))) | I32: =IF(AND(C32="",F32=""),"",IFERROR(AVERAGE(C32,F32),IF(C32<>"",C32,F32))) | J32: =IF(AND(D32="",G32=""),"",IFERROR(AVERAGE(D32,G32),IF(D32<>"",D32,G32))) | K32: =IF(AND(H32="",I32=""),"",IF(OR(H32>=180,I32>=120),"!!! Krize",IF(OR(H32>=140,I32>=90),"Vysoký",IF(OR(H32>=130,I32>=80),"Zvýšený",IF(OR(H32<=90,I32<=60),"Nízký","Normální"))))) | R32: =IF(AND(L32="",O32=""),"",IFERROR(AVERAGE(L32,O32),IF(L32<>"",L32,O32))) | S32: =IF(AND(M32="",P32=""),"",IFERROR(AVERAGE(M32,P32),IF(M32<>"",M32,P32))) | T32: =IF(AND(N32="",Q32=""),"",IFERROR(AVERAGE(N32,Q32),IF(N32<>"",N32,Q32))) | U32: =IF(AND(R32="",S32=""),"",IF(OR(R32>=180,S32>=120),"!!! Krize",IF(OR(R32>=140,S32>=90),"Vysoký",IF(OR(R32>=130,S32>=80),"Zvýšený",IF(OR(R32<=90,S32<=60),"Nízký","Normální")))))
A33: 17.06.2026 | H33: =IF(AND(B33="",E33=""),"",IFERROR(AVERAGE(B33,E33),IF(B33<>"",B33,E33))) | I33: =IF(AND(C33="",F33=""),"",IFERROR(AVERAGE(C33,F33),IF(C33<>"",C33,F33))) | J33: =IF(AND(D33="",G33=""),"",IFERROR(AVERAGE(D33,G33),IF(D33<>"",D33,G33))) | K33: =IF(AND(H33="",I33=""),"",IF(OR(H33>=180,I33>=120),"!!! Krize",IF(OR(H33>=140,I33>=90),"Vysoký",IF(OR(H33>=130,I33>=80),"Zvýšený",IF(OR(H33<=90,I33<=60),"Nízký","Normální"))))) | R33: =IF(AND(L33="",O33=""),"",IFERROR(AVERAGE(L33,O33),IF(L33<>"",L33,O33))) | S33: =IF(AND(M33="",P33=""),"",IFERROR(AVERAGE(M33,P33),IF(M33<>"",M33,P33))) | T33: =IF(AND(N33="",Q33=""),"",IFERROR(AVERAGE(N33,Q33),IF(N33<>"",N33,Q33))) | U33: =IF(AND(R33="",S33=""),"",IF(OR(R33>=180,S33>=120),"!!! Krize",IF(OR(R33>=140,S33>=90),"Vysoký",IF(OR(R33>=130,S33>=80),"Zvýšený",IF(OR(R33<=90,S33<=60),"Nízký","Normální")))))
A34: 18.06.2026 | H34: =IF(AND(B34="",E34=""),"",IFERROR(AVERAGE(B34,E34),IF(B34<>"",B34,E34))) | I34: =IF(AND(C34="",F34=""),"",IFERROR(AVERAGE(C34,F34),IF(C34<>"",C34,F34))) | J34: =IF(AND(D34="",G34=""),"",IFERROR(AVERAGE(D34,G34),IF(D34<>"",D34,G34))) | K34: =IF(AND(H34="",I34=""),"",IF(OR(H34>=180,I34>=120),"!!! Krize",IF(OR(H34>=140,I34>=90),"Vysoký",IF(OR(H34>=130,I34>=80),"Zvýšený",IF(OR(H34<=90,I34<=60),"Nízký","Normální"))))) | R34: =IF(AND(L34="",O34=""),"",IFERROR(AVERAGE(L34,O34),IF(L34<>"",L34,O34))) | S34: =IF(AND(M34="",P34=""),"",IFERROR(AVERAGE(M34,P34),IF(M34<>"",M34,P34))) | T34: =IF(AND(N34="",Q34=""),"",IFERROR(AVERAGE(N34,Q34),IF(N34<>"",N34,Q34))) | U34: =IF(AND(R34="",S34=""),"",IF(OR(R34>=180,S34>=120),"!!! Krize",IF(OR(R34>=140,S34>=90),"Vysoký",IF(OR(R34>=130,S34>=80),"Zvýšený",IF(OR(R34<=90,S34<=60),"Nízký","Normální")))))
... A94: 17.08.2026 | H94: =IF(AND(B94="",E94=""),"",IFERROR(AVERAGE(B94,E94),IF(B94<>"",B94,E94))) | I94: =IF(AND(C94="",F94=""),"",IFERROR(AVERAGE(C94,F94),IF(C94<>"",C94,F94))) | J94: =IF(AND(D94="",G94=""),"",IFERROR(AVERAGE(D94,G94),IF(D94<>"",D94,G94))) | K94: =IF(AND(H94="",I94=""),"",IF(OR(H94>=180,I94>=120),"!!! Krize",IF(OR(H94>=140,I94>=90),"Vysoký",IF(OR(H94>=130,I94>=80),"Zvýšený",IF(OR(H94<=90,I94<=60),"Nízký","Normální"))))) | R94: =IF(AND(L94="",O94=""),"",IFERROR(AVERAGE(L94,O94),IF(L94<>"",L94,O94))) | S94: =IF(AND(M94="",P94=""),"",IFERROR(AVERAGE(M94,P94),IF(M94<>"",M94,P94))) | T94: =IF(AND(N94="",Q94=""),"",IFERROR(AVERAGE(N94,Q94),IF(N94<>"",N94,Q94))) | U94: =IF(AND(R94="",S94=""),"",IF(OR(R94>=180,S94>=120),"!!! Krize",IF(OR(R94>=140,S94>=90),"Vysoký",IF(OR(R94>=130,S94>=80),"Zvýšený",IF(OR(R94<=90,S94<=60),"Nízký","Normální")))))

Sheet Statistiky
A1: Statistiky · průměrné hodnoty
A3: Ráno – průměry (sloupec H, I, J)
A4: Hodnota | B4: Systóla (mmHg) | C4: Diastóla (mmHg) | D4: Tep (bpm) | E4: Počet dnů
A5: Průměr | B5: =IFERROR(AVERAGEIF('Denní log'!H5:H94,"<>",'Denní log'!H5:H94),"-") -> 123.23333 | C5: =IFERROR(AVERAGEIF('Denní log'!I5:I94,"<>",'Denní log'!I5:I94),"-") -> 77.933333 | D5: =IFERROR(AVERAGEIF('Denní log'!J5:J94,"<>",'Denní log'!J5:J94),"-") -> 55.733333 | E5: =COUNTIF('Denní log'!H5:H94,"<>"&"") -> 90
A6: Minimum | B6: =IFERROR(_xludf.minifs('Denní log'!H5:H94,'Denní log'!H5:H94,"<>"),"-") -> - | C6: =IFERROR(_xludf.minifs('Denní log'!I5:I94,'Denní log'!I5:I94,"<>"),"-") -> - | D6: =IFERROR(_xludf.minifs('Denní log'!J5:J94,'Denní log'!J5:J94,"<>"),"-") -> -
A7: Maximum | B7: =IFERROR(_xludf.maxifs('Denní log'!H5:H94,'Denní log'!H5:H94,"<>"),"-") -> - | C7: =IFERROR(_xludf.maxifs('Denní log'!I5:I94,'Denní log'!I5:I94,"<>"),"-") -> - | D7: =IFERROR(_xludf.maxifs('Denní log'!J5:J94,'Denní log'!J5:J94,"<>"),"-") -> -
A8: Poslední | B8: =IFERROR(LOOKUP(2,1/('Denní log'!H5:H94<>""),'Denní log'!H5:H94),"-") -> 118.5 | C8: =IFERROR(LOOKUP(2,1/('Denní log'!I5:I94<>""),'Denní log'!I5:I94),"-") -> 74 | D8: =IFERROR(LOOKUP(2,1/('Denní log'!J5:J94<>""),'Denní log'!J5:J94),"-") -> 54
A10: Večer – průměry (sloupec R, S, T)
A11: Hodnota | B11: Systóla (mmHg) | C11: Diastóla (mmHg) | D11: Tep (bpm) | E11: Počet dnů
A12: Průměr | B12: =IFERROR(AVERAGEIF('Denní log'!R5:R94,"<>",'Denní log'!R5:R94),"-") -> 124.75 | C12: =IFERROR(AVERAGEIF('Denní log'!S5:S94,"<>",'Denní log'!S5:S94),"-") -> 75.214286 | D12: =IFERROR(AVERAGEIF('Denní log'!T5:T94,"<>",'Denní log'!T5:T94),"-") -> 56.642857 | E12: =COUNTIF('Denní log'!R5:R94,"<>"&"") -> 90
A13: Minimum | B13: =IFERROR(_xludf.minifs('Denní log'!R5:R94,'Denní log'!R5:R94,"<>"),"-") -> - | C13: =IFERROR(_xludf.minifs('Denní log'!S5:S94,'Denní log'!S5:S94,"<>"),"-") -> - | D13: =IFERROR(_xludf.minifs('Denní log'!T5:T94,'Denní log'!T5:T94,"<>"),"-") -> -
A14: Maximum | B14: =IFERROR(_xludf.maxifs('Denní log'!R5:R94,'Denní log'!R5:R94,"<>"),"-") -> - | C14: =IFERROR(_xludf.maxifs('Denní log'!S5:S94,'Denní log'!S5:S94,"<>"),"-") -> - | D14: =IFERROR(_xludf.maxifs('Denní log'!T5:T94,'Denní log'!T5:T94,"<>"),"-") -> -
A15: Poslední | B15: =IFERROR(LOOKUP(2,1/('Denní log'!R5:R94<>""),'Denní log'!R5:R94),"-") -> 123 | C15: =IFERROR(LOOKUP(2,1/('Denní log'!S5:S94<>""),'Denní log'!S5:S94),"-") -> 75 | D15: =IFERROR(LOOKUP(2,1/('Denní log'!T5:T94<>""),'Denní log'!T5:T94),"-") -> 62.5
A18: Referenční hodnoty (ESC 2023)
A19: Kategorie | B19: Systóla | C19: Diastóla | D19: Poznámka | E19: Symbol
A20: Normální | B20: < 120 | C20: < 80 | D20: Ideální stav | E20: OK
A21: Zvýšený | B21: 120–129 | C21: < 80 | D21: Sledovat | E21: ~
A22: Hypertenze st. 1 | B22: 130–139 | C22: 80–89 | D22: Poradit se s lékařem | E22: !
A23: Hypertenze st. 2 | B23: ≥ 140 | C23: ≥ 90 | D23: Nutná léčba | E23: !!
A24: Hypertenzní krize | B24: ≥ 180 | C24: ≥ 120 | D24: Ihned k lékaři | E24: !!!

Sheet Graf
A1: Vývoj krevního tlaku · průměry
